<?xml version="1.0" encoding="utf-8"?>
<odoo>
    <data noupdate="1">
        <record id="approval_category_data_sale" model="approval.category">
            <field name="name">Create Sale Request</field>
            <field name="approval_type">sale</field>
            <field name="sequence">90</field>
            <field name="has_product">required</field>
            <field name="has_quantity">required</field>
            <field name="automated_sequence" eval="True"/>
            <field name="sequence_code">SAL</field>
        </record>
    </data>
</odoo>
